model_name,mae,rmse,r2
LinearRegression,20.03051588595064,45.163450891672504,0.9075415937371186
RidgeRegression,11.088951073098487,29.424391975006237,0.9607547445040724
